year,category,names,count
2025,Physics,"John Clarke; Michel H. Devoret; John M. Martinis",3
2025,Chemistry,"Susumu Kitagawa; Richard Robson; Omar M. Yaghi",3
2025,Physiology or Medicine,"Mary E. Brunkow; Fred Ramsdell; Shimon Sakaguchi",3
2025,Literature,"László Krasznahorkai",1
2025,Peace,"Maria Corina Machado",1
2024,Physics,"John J. Hopfield; Geoffrey Hinton",2
2024,Chemistry,"David Baker; Demis Hassabis; John Jumper",3
2024,Physiology or Medicine,"Victor Ambros; Gary Ruvkun",2
2024,Literature,"Han Kang",1
2024,Peace,"Nihon Hidankyo",1
2024,Economic Sciences,"Daron Acemoglu; Simon Johnson; James A. Robinson",3
2023,Physics,"Pierre Agostini; Ferenc Krausz; Anne L’Huillier",3
2023,Chemistry,"Moungi Bawendi; Louis Brus; Aleksey Yekimov",3
2023,Physiology or Medicine,"Katalin Karikó; Drew Weissman",2
2023,Literature,"Jon Fosse",1
2023,Peace,"Narges Mohammadi",1
2023,Economic Sciences,"Claudia Goldin",1
2022,Physics,"Alain Aspect; John Clauser; Anton Zeilinger",3
2022,Chemistry,"Carolyn Bertozzi; Morten Meldal; K. Barry Sharpless",3
2022,Physiology or Medicine,"Svante Pääbo",1
2022,Literature,"Annie Ernaux",1
2022,Peace,"Ales Bialiatski; Memorial; Center for Civil Liberties",3
2022,Economic Sciences,"Ben Bernanke; Douglas Diamond; Philip Dybvig",3
2021,Physics,"Syukuro Manabe; Klaus Hasselmann; Giorgio Parisi",3
2021,Chemistry,"Benjamin List; David W.C. MacMillan",2
2021,Physiology or Medicine,"David Julius; Ardem Patapoutian",2
2021,Literature,"Abdulrazak Gurnah",1
2021,Peace,"Maria Ressa; Dmitry Muratov",2
2021,Economic Sciences,"David Card; Joshua D. Angrist; Guido W. Imbens",3
2020,Physics,"Roger Penrose; Reinhard Genzel; Andrea Ghez",3
2020,Chemistry,"Emmanuelle Charpentier; Jennifer A. Doudna",2
2020,Physiology or Medicine,"Harvey J. Alter; Michael Houghton; Charles M. Rice",3
2020,Literature,"Louise Glück",1
2020,Peace,"World Food Programme",1
2020,Economic Sciences,"Paul R. Milgrom; Robert B. Wilson",2
2019,Physics,"James Peebles; Michel Mayor; Didier Queloz",3
2019,Chemistry,"John B. Goodenough; M. Stanley Whittingham; Akira Yoshino",3
2019,Physiology or Medicine,"William G. Kaelin Jr; Sir Peter J. Ratcliffe; Gregg L. Semenza",3
2019,Literature,"Peter Handke",1
2019,Peace,"Abiy Ahmed Ali",1
2019,Economic Sciences,"Abhijit Banerjee; Esther Duflo; Michael Kremer",3
2018,Physics,"Arthur Ashkin; Gérard Mourou; Donna Strickland",3
2018,Chemistry,"Frances H. Arnold; George P. Smith; Sir Gregory P. Winter",3
2018,Physiology or Medicine,"James P. Allison; Tasuku Honjo",2
2018,Literature,"Olga Tokarczuk",1
2018,Peace,"Denis Mukwege; Nadia Murad",2
2018,Economic Sciences,"William D. Nordhaus; Paul M. Romer",2
2017,Physics,"Rainer Weiss; Barry C. Barish; Kip S. Thorne",3
2017,Chemistry,"Jacques Dubochet; Joachim Frank; Richard Henderson",3
2017,Physiology or Medicine,"Jeffrey C. Hall; Michael Rosbash; Michael W. Young",3
2017,Literature,"Kazuo Ishiguro",1
2017,Peace,"International Campaign to Abolish Nuclear Weapons",1
2017,Economic Sciences,"Richard H. Thaler",1
2016,Physics,"David J. Thouless; F. Duncan M. Haldane; J. Michael Kosterlitz",3
2016,Chemistry,"Jean-Pierre Sauvage; Sir J. Fraser Stoddart; Bernard L. Feringa",3
2016,Physiology or Medicine,"Yoshinori Ohsumi",1
2016,Literature,"Bob Dylan",1
2016,Peace,"Juan Manuel Santos",1
2016,Economic Sciences,"Oliver Hart; Bengt Holmström",2
2015,Physics,"Takaaki Kajita; Arthur B. McDonald",2
2015,Chemistry,"Tomas Lindahl; Paul Modrich; Aziz Sancar",3
2015,Physiology or Medicine,"William C. Campbell; Satoshi Ōmura; Tu Youyou",3
2015,Literature,"Svetlana Alexievich",1
2015,Peace,"National Dialogue Quartet",1
2015,Economic Sciences,"Angus Deaton",1
2014,Physics,"Isamu Akasaki; Hiroshi Amano; Shuji Nakamura",3
2014,Chemistry,"Eric Betzig; Stefan W. Hell; William E. Moerner",3
2014,Physiology or Medicine,"John O'Keefe; May-Britt Moser; Edvard I. Moser",3
2014,Literature,"Patrick Modiano",1
2014,Peace,"Kailash Satyarthi; Malala Yousafzai",2
2014,Economic Sciences,"Jean Tirole",1
2013,Physics,"François Englert; Peter Higgs",2
2013,Chemistry,"Martin Karplus; Michael Levitt; Arieh Warshel",3
2013,Physiology or Medicine,"James E. Rothman; Randy W. Schekman; Thomas C. Südhof",3
2013,Literature,"Alice Munro",1
2013,Peace,"Organisation for the Prohibition of Chemical Weapons",1
2013,Economic Sciences,"Eugene F. Fama; Lars Peter Hansen; Robert J. Shiller",3
2012,Physics,"Serge Haroche; David J. Wineland",2
2012,Chemistry,"Robert J. Lefkowitz; Brian Kobilka",2
2012,Physiology or Medicine,"Sir John B. Gurdon; Shinya Yamanaka",2
2012,Literature,"Mo Yan",1
2012,Peace,"European Union",1
2012,Economic Sciences,"Alvin E. Roth; Lloyd S. Shapley",2
2011,Physics,"Saul Perlmutter; Brian P. Schmidt; Adam G. Riess",3
2011,Chemistry,"Dan Shechtman",1
2011,Physiology or Medicine,"Bruce A. Beutler; Jules A. Hoffmann; Ralph M. Steinman",3
2011,Literature,"Tomas Tranströmer",1
2011,Peace,"Ellen Johnson Sirleaf; Leymah Gbowee; Tawakkol Karman",3
2011,Economic Sciences,"Thomas J. Sargent; Christopher A. Sims",2
2010,Physics,"Andre Geim; Konstantin Novoselov",2
2010,Chemistry,"Richard F. Heck; Ei-ichi Negishi; Akira Suzuki",3
2010,Physiology or Medicine,"Robert G. Edwards",1
2010,Literature,"Mario Vargas Llosa",1
2010,Peace,"Liu Xiaobo",1
2010,Economic Sciences,"Peter A. Diamond; Dale T. Mortensen; Christopher A. Pissarides",3
2009,Physics,"Charles K. Kao; Willard S. Boyle; George E. Smith",3
2009,Chemistry,"Venkatraman Ramakrishnan; Thomas A. Steitz; Ada E. Yonath",3
2009,Physiology or Medicine,"Elizabeth H. Blackburn; Carol W. Greider; Jack W. Szostak",3
2009,Literature,"Herta Müller",1
2009,Peace,"Barack H. Obama",1
2009,Economic Sciences,"Elinor Ostrom; Oliver E. Williamson",2
2008,Physics,"Yoichiro Nambu; Makoto Kobayashi; Toshihide Maskawa",3
2008,Chemistry,"Osamu Shimomura; Martin Chalfie; Roger Y. Tsien",3
2008,Physiology or Medicine,"Harald zur Hausen; Françoise Barré-Sinoussi; Luc Montagnier",3
2008,Literature,"Jean-Marie Gustave Le Clézio",1
2008,Peace,"Martti Ahtisaari",1
2008,Economic Sciences,"Paul Krugman",1
2007,Physics,"Albert Fert; Peter Grünberg",2
2007,Chemistry,"Gerhard Ertl",1
2007,Physiology or Medicine,"Mario R. Capecchi; Sir Martin J. Evans; Oliver Smithies",3
2007,Literature,"Doris Lessing",1
2007,Peace,"Intergovernmental Panel on Climate Change; Al Gore",2
2007,Economic Sciences,"Leonid Hurwicz; Eric S. Maskin; Roger B. Myerson",3
2006,Physics,"John C. Mather; George F. Smoot",2
2006,Chemistry,"Roger D. Kornberg",1
2006,Physiology or Medicine,"Andrew Z. Fire; Craig C. Mello",2
2006,Literature,"Orhan Pamuk",1
2006,Peace,"Muhammad Yunus; Grameen Bank",2
2006,Economic Sciences,"Edmund S. Phelps",1
2005,Physics,"Roy J. Glauber; John L. Hall; Theodor W. Hänsch",3
2005,Chemistry,"Yves Chauvin; Robert H. Grubbs; Richard R. Schrock",3
2005,Physiology or Medicine,"Barry J. Marshall; J. Robin Warren",2
2005,Literature,"Harold Pinter",1
2005,Peace,"International Atomic Energy Agency; Mohamed ElBaradei",2
2005,Economic Sciences,"Robert J. Aumann; Thomas C. Schelling",2
2004,Physics,"David J. Gross; H. David Politzer; Frank Wilczek",3
2004,Chemistry,"Aaron Ciechanover; Avram Hershko; Irwin Rose",3
2004,Physiology or Medicine,"Richard Axel; Linda B. Buck",2
2004,Literature,"Elfriede Jelinek",1
2004,Peace,"Wangari Maathai",1
2004,Economic Sciences,"Finn E. Kydland; Edward C. Prescott",2
2003,Physics,"Alexei Abrikosov; Vitaly L. Ginzburg; Anthony J. Leggett",3
2003,Chemistry,"Peter Agre; Roderick MacKinnon",2
2003,Physiology or Medicine,"Paul C. Lauterbur; Sir Peter Mansfield",2
2003,Literature,"J. M. Coetzee",1
2003,Peace,"Shirin Ebadi",1
2003,Economic Sciences,"Robert F. Engle III; Clive W.J. Granger",2
2002,Physics,"Raymond Davis Jr.; Masatoshi Koshiba; Riccardo Giacconi",3
2002,Chemistry,"John B. Fenn; Koichi Tanaka; Kurt Wüthrich",3
2002,Physiology or Medicine,"Sydney Brenner; H. Robert Horvitz; John E. Sulston",3
2002,Literature,"Imre Kertész",1
2002,Peace,"Jimmy Carter",1
2002,Economic Sciences,"Daniel Kahneman; Vernon L. Smith",2
2001,Physics,"Eric Cornell; Wolfgang Ketterle; Carl Wieman",3
2001,Chemistry,"William S. Knowles; Ryoji Noyori; K. Barry Sharpless",3
2001,Physiology or Medicine,"Leland Hartwell; Tim Hunt; Paul Nurse",3
2001,Literature,"V. S. Naipaul",1
2001,Peace,"United Nations; Kofi Annan",2
2001,Economic Sciences,"George A. Akerlof; A. Michael Spence; Joseph E. Stiglitz",3
2000,Physics,"Zhores Alferov; Herbert Kroemer; Jack Kilby",3
2000,Chemistry,"Alan Heeger; Alan MacDiarmid; Hideki Shirakawa",3
2000,Physiology or Medicine,"Arvid Carlsson; Paul Greengard; Eric Kandel",3
2000,Literature,"Gao Xingjian",1
2000,Peace,"Kim Dae-jung",1
2000,Economic Sciences,"James J. Heckman; Daniel L. McFadden",2
1999,Physics,"Gerardus 't Hooft; Martinus J.G. Veltman",2
1999,Chemistry,"Ahmed Zewail",1
1999,Physiology or Medicine,"Günter Blobel",1
1999,Literature,"Günter Grass",1
1999,Peace,"Doctors Without Borders",1
1999,Economic Sciences,"Robert Mundell",1
1998,Physics,"Robert B. Laughlin; Horst L. Störmer; Daniel C. Tsui",3
1998,Chemistry,"Walter Kohn; John Pople",2
1998,Physiology or Medicine,"Robert F. Furchgott; Louis J. Ignarro; Ferid Murad",3
1998,Literature,"José Saramago",1
1998,Peace,"John Hume; David Trimble",2
1998,Economic Sciences,"Amartya Sen",1
1997,Physics,"Steven Chu; Claude Cohen-Tannoudji; William D. Phillips",3
1997,Chemistry,"Paul D. Boyer; John E. Walker; Jens C. Skou",3
1997,Physiology or Medicine,"Stanley B. Prusiner",1
1997,Literature,"Dario Fo",1
1997,Peace,"International Campaign to Ban Landmines; Jody Williams",2
1997,Economic Sciences,"Robert C. Merton; Myron S. Scholes",2
1996,Physics,"David M. Lee; Douglas D. Osheroff; Robert C. Richardson",3
1996,Chemistry,"Robert F. Curl Jr.; Sir Harold Kroto; Richard E. Smalley",3
1996,Physiology or Medicine,"Peter C. Doherty; Rolf M. Zinkernagel",2
1996,Literature,"Wisława Szymborska",1
1996,Peace,"Carlos Filipe Ximenes Belo; José Ramos-Horta",2
1996,Economic Sciences,"James A. Mirrlees; William Vickrey",2
1995,Physics,"Martin L. Perl; Frederick Reines",2
1995,Chemistry,"Paul J. Crutzen; Mario J. Molina; F. Sherwood Rowland",3
1995,Physiology or Medicine,"Edward B. Lewis; Christiane Nüsslein-Volhard; Eric F. Wieschaus",3
1995,Literature,"Seamus Heaney",1
1995,Peace,"Joseph Rotblat; Pugwash Conferences on Science and World Affairs",2
1995,Economic Sciences,"Robert E. Lucas Jr.",1
1994,Physics,"Bertram N. Brockhouse; Clifford G. Shull",2
1994,Chemistry,"George A. Olah",1
1994,Physiology or Medicine,"Alfred G. Gilman; Martin Rodbell",2
1994,Literature,"Kenzaburo Oe",1
1994,Peace,"Yasser Arafat; Shimon Peres; Yitzhak Rabin",3
1994,Economic Sciences,"John C. Harsanyi; John F. Nash Jr.; Reinhard Selten",3
1993,Physics,"Russell A. Hulse; Joseph H. Taylor Jr.",2
1993,Chemistry,"Kary B. Mullis; Michael Smith",2
1993,Physiology or Medicine,"Richard J. Roberts; Phillip A. Sharp",2
1993,Literature,"Toni Morrison",1
1993,Peace,"Nelson Mandela; F.W. de Klerk",2
1993,Economic Sciences,"Robert W. Fogel; Douglass C. North",2
1992,Physics,"Georges Charpak",1
1992,Chemistry,"Rudolph A. Marcus",1
1992,Physiology or Medicine,"Edmond H. Fischer; Edwin G. Krebs",2
1992,Literature,"Derek Walcott",1
1992,Peace,"Rigoberta Menchú Tum",1
1992,Economic Sciences,"Gary Becker",1
1991,Physics,"Pierre-Gilles de Gennes",1
1991,Chemistry,"Richard R. Ernst",1
1991,Physiology or Medicine,"Erwin Neher; Bert Sakmann",2
1991,Literature,"Nadine Gordimer",1
1991,Peace,"Aung San Suu Kyi",1
1991,Economic Sciences,"Ronald H. Coase",1
1990,Physics,"Jerome I. Friedman; Henry W. Kendall; Richard E. Taylor",3
1990,Chemistry,"Elias James Corey",1
1990,Physiology or Medicine,"Joseph E. Murray; E. Donnall Thomas",2
1990,Literature,"Octavio Paz",1
1990,Peace,"Mikhail Gorbachev",1
1990,Economic Sciences,"Harry M. Markowitz; Merton H. Miller; William F. Sharpe",3
1989,Physics,"Norman F. Ramsey; Hans G. Dehmelt; Wolfgang Paul",3
1989,Chemistry,"Sidney Altman; Thomas R. Cech",2
1989,Physiology or Medicine,"J. Michael Bishop; Harold E. Varmus",2
1989,Literature,"Camilo José Cela",1
1989,Peace,"The
14th Dalai Lama",1
1989,Economic Sciences,"Trygve Haavelmo",1
1988,Physics,"Leon M. Lederman; Melvin Schwartz; Jack Steinberger",3
1988,Chemistry,"Johann Deisenhofer; Robert Huber; Hartmut Michel",3
1988,Physiology or Medicine,"Sir James W. Black; Gertrude B. Elion; George H. Hitchings",3
1988,Literature,"Naguib Mahfouz",1
1988,Peace,"United Nations Peacekeeping Forces",1
1988,Economic Sciences,"Maurice Allais",1
1987,Physics,"J. Georg Bednorz; K. Alex Müller",2
1987,Chemistry,"Donald J. Cram; Jean-Marie Lehn; Charles J. Pedersen",3
1987,Physiology or Medicine,"Susumu Tonegawa",1
1987,Literature,"Joseph Brodsky",1
1987,Peace,"Oscar Arias Sánchez",1
1987,Economic Sciences,"Robert M. Solow",1
1986,Physics,"Ernst Ruska; Gerd Binnig; Heinrich Rohrer",3
1986,Chemistry,"Dudley R. Herschbach; Yuan T. Lee; John C. Polanyi",3
1986,Physiology or Medicine,"Stanley Cohen; Rita Levi-Montalcini",2
1986,Literature,"Wole Soyinka",1
1986,Peace,"Elie Wiesel",1
1986,Economic Sciences,"James M. Buchanan Jr.",1
1985,Physics,"Klaus von Klitzing",1
1985,Chemistry,"Herbert A. Hauptman; Jerome Karle",2
1985,Physiology or Medicine,"Michael S. Brown; Joseph L. Goldstein",2
1985,Literature,"Claude Simon",1
1985,Peace,"International Physicians for the Prevention of Nuclear War",1
1985,Economic Sciences,"Franco Modigliani",1
1984,Physics,"Carlo Rubbia; Simon van der Meer",2
1984,Chemistry,"Bruce Merrifield",1
1984,Physiology or Medicine,"Niels K. Jerne; Georges J.F. Köhler; César Milstein",3
1984,Literature,"Jaroslav Seifert",1
1984,Peace,"Desmond Tutu",1
1984,Economic Sciences,"Richard Stone",1
1983,Physics,"Subrahmanyan Chandrasekhar; William A. Fowler",2
1983,Chemistry,"Henry Taube",1
1983,Physiology or Medicine,"Barbara McClintock",1
1983,Literature,"William Golding",1
1983,Peace,"Lech Wałęsa",1
1983,Economic Sciences,"Gerard Debreu",1
1982,Physics,"Kenneth G. Wilson",1
1982,Chemistry,"Aaron Klug",1
1982,Physiology or Medicine,"Sune K. Bergström; Bengt I. Samuelsson; John R. Vane",3
1982,Literature,"Gabriel García Márquez",1
1982,Peace,"Alva Myrdal; Alfonso García Robles",2
1982,Economic Sciences,"George J. Stigler",1
1981,Physics,"Nicolaas Bloembergen; Arthur L. Schawlow; Kai M. Siegbahn",3
1981,Chemistry,"Kenichi Fukui; Roald Hoffmann",2
1981,Physiology or Medicine,"Roger W. Sperry; David H. Hubel; Torsten N. Wiesel",3
1981,Literature,"Elias Canetti",1
1981,Peace,"Office of the United Nations High Commissioner for Refugees",1
1981,Economic Sciences,"James Tobin",1
1980,Physics,"James Cronin; Val Fitch",2
1980,Chemistry,"Paul Berg; Walter Gilbert; Frederick Sanger",3
1980,Physiology or Medicine,"Baruj Benacerraf; Jean Dausset; George D. Snell",3
1980,Literature,"Czesław Miłosz",1
1980,Peace,"Adolfo Pérez Esquivel",1
1980,Economic Sciences,"Lawrence R. Klein",1
1979,Physics,"Sheldon Glashow; Abdus Salam; Steven Weinberg",3
1979,Chemistry,"Herbert C. Brown; Georg Wittig",2
1979,Physiology or Medicine,"Allan M. Cormack; Godfrey N. Hounsfield",2
1979,Literature,"Odysseus Elytis",1
1979,Peace,"Mother Teresa",1
1979,Economic Sciences,"Theodore W. Schultz; Sir Arthur Lewis",2
1978,Physics,"Pyotr Kapitsa; Arno Penzias; Robert W. Wilson",3
1978,Chemistry,"Peter Mitchell",1
1978,Physiology or Medicine,"Werner Arber; Daniel Nathans; Hamilton O. Smith",3
1978,Literature,"Isaac Bashevis Singer",1
1978,Peace,"Anwar al-Sadat; Menachem Begin",2
1978,Economic Sciences,"Herbert Simon",1
1977,Physics,"Philip W. Anderson; Nevill F. Mott; John H. Van Vleck",3
1977,Chemistry,"Ilya Prigogine",1
1977,Physiology or Medicine,"Roger Guillemin; Andrew V. Schally; Rosalyn Yalow",3
1977,Literature,"Vicente Aleixandre",1
1977,Peace,"Amnesty International",1
1977,Economic Sciences,"Bertil Ohlin; James E. Meade",2
1976,Physics,"Burton Richter; Samuel C.C. Ting",2
1976,Chemistry,"William Lipscomb",1
1976,Physiology or Medicine,"Baruch S. Blumberg; D. Carleton Gajdusek",2
1976,Literature,"Saul Bellow",1
1976,Peace,"Betty Williams; Mairead Corrigan",2
1976,Economic Sciences,"Milton Friedman",1
1975,Physics,"Aage N. Bohr; Ben R. Mottelson; James Rainwater",3
1975,Chemistry,"John Cornforth; Vladimir Prelog",2
1975,Physiology or Medicine,"David Baltimore; Renato Dulbecco; Howard M. Temin",3
1975,Literature,"Eugenio Montale",1
1975,Peace,"Andrei Sakharov",1
1975,Economic Sciences,"Leonid Kantorovich; Tjalling C. Koopmans",2
1974,Physics,"Martin Ryle; Antony Hewish",2
1974,Chemistry,"Paul J. Flory",1
1974,Physiology or Medicine,"Albert Claude; Christian de Duve; George E. Palade",3
1974,Literature,"Eyvind Johnson; Harry Martinson",2
1974,Peace,"Seán MacBride; Eisaku Satō",2
1974,Economic Sciences,"Gunnar Myrdal; Friedrich von Hayek",2
1973,Physics,"Leo Esaki; Ivar Giaever; Brian D. Josephson",3
1973,Chemistry,"Ernst Otto Fischer; Geoffrey Wilkinson",2
1973,Physiology or Medicine,"Karl von Frisch; Konrad Lorenz; Nikolaas Tinbergen",3
1973,Literature,"Patrick White",1
1973,Peace,"Henry Kissinger; Le Duc Tho",2
1973,Economic Sciences,"Wassily Leontief",1
1972,Physics,"John Bardeen; Leon N. Cooper; Robert Schrieffer",3
1972,Chemistry,"Christian Anfinsen; Stanford Moore; William H. Stein",3
1972,Physiology or Medicine,"Gerald M. Edelman; Rodney R. Porter",2
1972,Literature,"Heinrich Böll",1
1972,Peace,"No award",0
1972,Economic Sciences,"John R. Hicks; Kenneth J. Arrow",2
1971,Physics,"Dennis Gabor",1
1971,Chemistry,"Gerhard Herzberg",1
1971,Physiology or Medicine,"Earl W. Sutherland Jr.",1
1971,Literature,"Pablo Neruda",1
1971,Peace,"Willy Brandt",1
1971,Economic Sciences,"Simon Kuznets",1
1970,Physics,"Hannes Alfvén; Louis Néel",2
1970,Chemistry,"Luis Leloir",1
1970,Physiology or Medicine,"Sir Bernard Katz; Ulf von Euler; Julius Axelrod",3
1970,Literature,"Aleksandr Solzhenitsyn",1
1970,Peace,"Norman Borlaug",1
1970,Economic Sciences,"Paul Samuelson",1
1969,Physics,"Murray Gell-Mann",1
1969,Chemistry,"Derek H. R. Barton; Odd Hassel",2
1969,Physiology or Medicine,"Max Delbrück; Alfred D. Hershey; Salvador Luria",3
1969,Literature,"Samuel Beckett",1
1969,Peace,"International Labour Organization",1
1969,Economic Sciences,"Ragnar Frisch; Jan Tinbergen",2
1968,Physics,"Luis Walter Alvarez",1
1968,Chemistry,"Lars Onsager",1
1968,Physiology or Medicine,"Robert W. Holley; Har Gobind Khorana; Marshall W. Nirenberg",3
1968,Literature,"Yasunari Kawabata",1
1968,Peace,"René Cassin",1
1968,Economic Sciences,"No award",0
1967,Physics,"Hans Bethe",1
1967,Chemistry,"Manfred Eigen; Ronald Norrish; George Porter",3
1967,Physiology or Medicine,"Ragnar Granit; Haldan K. Hartline; George Wald",3
1967,Literature,"Miguel Ángel Asturias",1
1967,Peace,"No award",0
1967,Economic Sciences,"No award",0
1966,Physics,"Alfred Kastler",1
1966,Chemistry,"Robert S. Mulliken",1
1966,Physiology or Medicine,"Francis Peyton Rous; Charles B. Huggins",2
1966,Literature,"Shmuel Yosef Agnon; Nelly Sachs",2
1966,Peace,"No award",0
1966,Economic Sciences,"No award",0
1965,Physics,"Sin-Itiro Tomonaga; Julian Schwinger; Richard P. Feynman",3
1965,Chemistry,"Robert Burns Woodward",1
1965,Physiology or Medicine,"François Jacob; André Lwoff; Jacques Monod",3
1965,Literature,"Miguel Ángel Asturias (repeat)",1
1965,Peace,"No award",0
1965,Economic Sciences,"No award",0
1964,Physics,"Charles H. Townes; Nicolay G. Basov; Aleksandr M. Prokhorov",3
1964,Chemistry,"Dorothy Crowfoot Hodgkin",1
1964,Physiology or Medicine,"Konrad Bloch; Feodor Lynen",2
1964,Literature,"Jean-Paul Sartre",1
1964,Peace,"Martin Luther King Jr.",1
1964,Economic Sciences,"No award",0
1963,Physics,"Eugene Wigner; Maria Goeppert Mayer; J. Hans D. Jensen",3
1963,Chemistry,"Kurt Alder; Otto Diels",2
1963,Physiology or Medicine,"Sir John Carew Eccles; Alan Lloyd Hodgkin; Andrew Fielding Huxley",3
1963,Literature,"Giorgos Seferis",1
1963,Peace,"No award",0
1963,Economic Sciences,"No award",0
1962,Physics,"Lev Landau",1
1962,Chemistry,"Max Perutz; John Kendrew",2
1962,Physiology or Medicine,"Francis Crick; James Watson; Maurice Wilkins",3
1962,Literature,"John Steinbeck",1
1962,Peace,"No award",0
1962,Economic Sciences,"No award",0
1961,Physics,"Robert Hofstadter; Rudolf Mössbauer",2
1961,Chemistry,"Melvin Calvin",1
1961,Physiology or Medicine,"Georg von Békésy",1
1961,Literature,"Ivo Andrić",1
1961,Peace,"Dag Hammarskjöld (posthumous)",1
1961,Economic Sciences,"No award",0
1960,Physics,"Donald A. Glaser",1
1960,Chemistry,"Willard Libby",1
1960,Physiology or Medicine,"Sir Frank Macfarlane Burnet; Peter Brian Medawar",2
1960,Literature,"Saint-John Perse",1
1960,Peace,"Albert John Luthuli",1
1960,Economic Sciences,"No award",0
1959,Physics,"Emilio Segrè; Owen Chamberlain",2
1959,Chemistry,"Jaroslav Heyrovský",1
1959,Physiology or Medicine,"Arthur Kornberg; Severo Ochoa",2
1959,Literature,"Salvatore Quasimodo",1
1959,Peace,"Philip Noel-Baker",1
1959,Economic Sciences,"No award",0
1958,Physics,"Pavel A. Cherenkov; Il´ja M. Frank; Igor Y. Tamm",3
1958,Chemistry,"Frederick Sanger",1
1958,Physiology or Medicine,"George Wells Beadle; Edward Lawrie Tatum; Joshua Lederberg",3
1958,Literature,"Boris Pasternak",1
1958,Peace,"No award",0
1958,Economic Sciences,"No award",0
1957,Physics,"Chen Ning Yang; Tsung-Dao Lee",2
1957,Chemistry,"Alexander R. Todd",1
1957,Physiology or Medicine,"Daniel Bovet",1
1957,Literature,"Albert Camus",1
1957,Peace,"No award",0
1957,Economic Sciences,"No award",0
1956,Physics,"William B. Shockley; John Bardeen; Walter H. Brattain",3
1956,Chemistry,"Sir Cyril Norman Hinshelwood; Nikolay Semyonov",2
1956,Physiology or Medicine,"Sir John Eccles; Alan Lloyd Hodgkin; Andrew Fielding Huxley",3
1956,Literature,"Juan Ramón Jiménez",1
1956,Peace,"No award",0
1956,Economic Sciences,"No award",0
1955,Physics,"Willis E. Lamb",1
1955,Chemistry,"Vincent du Vigneaud",1
1955,Physiology or Medicine,"Fred Sanger (repeat)",1
1955,Literature,"Halldór Laxness",1
1955,Peace,"No award",0
1955,Economic Sciences,"No award",0
1954,Physics,"Max Born; Walther Bothe",2
1954,Chemistry,"Linus Pauling",1
1954,Physiology or Medicine,"John F. Enders; Thomas H. Weller; Frederick C. Robbins",3
1954,Literature,"Ernest Hemingway",1
1954,Peace,"No award",0
1954,Economic Sciences,"No award",0
1953,Physics,"Frits Zernike",1
1953,Chemistry,"Hermann Staudinger",1
1953,Physiology or Medicine,"Hans Adolf Krebs; Fritz Albert Lipmann",2
1953,Literature,"Winston Churchill",1
1953,Peace,"No award",0
1953,Economic Sciences,"No award",0
1952,Physics,"Felix Bloch; E. M. Purcell",2
1952,Chemistry,"Arne Tiselius",1
1952,Physiology or Medicine,"Selman Waksman",1
1952,Literature,"François Mauriac",1
1952,Peace,"No award",0
1952,Economic Sciences,"No award",0
1951,Physics,"John Cockcroft; Ernest T.S. Walton",2
1951,Chemistry,"Edwin McMillan; Glenn T. Seaborg",2
1951,Physiology or Medicine,"Max Theiler",1
1951,Literature,"Pär Lagerkvist",1
1951,Peace,"Liu Shaoqi",1
1951,Economic Sciences,"No award",0
1950,Physics,"Cecil Powell",1
1950,Chemistry,"Otto Diels; Kurt Alder",2
1950,Physiology or Medicine,"Philip S. Hench; Edward C. Kendall; Tadeus Reichstein",3
1950,Literature,"Bertrand Russell",1
1950,Peace,"No award",0
1950,Economic Sciences,"No award",0
1949,Physics,"Hideki Yukawa",1
1949,Chemistry,"William F. Giauque",1
1949,Physiology or Medicine,"Walter Hess; Antonio Caetano de Abreu Freitas",2
1949,Literature,"William Faulkner",1
1949,Peace,"No award",0
1949,Economic Sciences,"No award",0
1948,Physics,"Patrick M.S. Blackett",1
1948,Chemistry,"Arne Tiselius (repeat)",1
1948,Physiology or Medicine,"Paul Hermann Müller",1
1948,Literature,"T.S. Eliot",1
1948,Peace,"No award",0
1948,Economic Sciences,"No award",0
1947,Physics,"Edward V. Appleton",1
1947,Chemistry,"Sir Robert Robinson",1
1947,Physiology or Medicine,"Carl Ferdinand Cori; Gerty Theresa Cori",2
1947,Literature,"André Gide",1
1947,Peace,"No award",0
1947,Economic Sciences,"No award",0
1946,Physics,"Percy W. Bridgman",1
1946,Chemistry,"John H. Northrop; Wendell M. Stanley; James B. Sumner",3
1946,Physiology or Medicine,"Hermann Joseph Muller",1
1946,Literature,"Hermann Hesse",1
1946,Peace,"No award",0
1946,Economic Sciences,"No award",0
1945,Physics,"Wolfgang Pauli",1
1945,Chemistry,"Artturi Ilmari Virtanen",1
1945,Physiology or Medicine,"Alexander Fleming; Ernst B. Chain; Howard Florey",3
1945,Literature,"Gabriela Mistral",1
1945,Peace,"No award",0
1945,Economic Sciences,"No award",0
1944,Physics,"Isidor Isaac Rabi",1
1944,Chemistry,"Otto Hahn",1
1944,Physiology or Medicine,"Joseph Erlanger; Herbert S. Gasser",2
1944,Literature,"No award",0
1944,Peace,"No award",0
1944,Economic Sciences,"No award",0
1943,Physics,"Otto Stern",1
1943,Chemistry,"George de Hevesy",1
1943,Physiology or Medicine,"Henrik Dam; Edward Adelbert Doisy",2
1943,Literature,"No award",0
1943,Peace,"No award",0
1943,Economic Sciences,"No award",0
1942,Physics,"No award",0
1942,Chemistry,"No award",0
1942,Physiology or Medicine,"No award",0
1942,Literature,"No award",0
1942,Peace,"No award",0
1942,Economic Sciences,"No award",0
1941,Physics,"No award",0
1941,Chemistry,"No award",0
1941,Physiology or Medicine,"No award",0
1941,Literature,"No award",0
1941,Peace,"No award",0
1941,Economic Sciences,"No award",0
1940,Physics,"No award",0
1940,Chemistry,"No award",0
1940,Physiology or Medicine,"No award",0
1940,Literature,"No award",0
1940,Peace,"No award",0
1940,Economic Sciences,"No award",0
1939,Physics,"Ernest Lawrence",1
1939,Chemistry,"Adolf Friedrich Johann Butenandt",1
1939,Physiology or Medicine,"Gerhard Domagk",1
1939,Literature,"No award",0
1939,Peace,"No award",0
1939,Economic Sciences,"No award",0
1938,Physics,"Enrico Fermi",1
1938,Chemistry,"Richard Kuhn",1
1938,Physiology or Medicine,"Corneille Jean François Heymans",1
1938,Literature,"No award",0
1938,Peace,"No award",0
1938,Economic Sciences,"No award",0
1937,Physics,"Clinton Davisson; George Paget Thomson",2
1937,Chemistry,"Walter Nernst",1
1937,Physiology or Medicine,"Albert Szent-Györgyi",1
1937,Literature,"No award",0
1937,Peace,"No award",0
1937,Economic Sciences,"No award",0
1936,Physics,"Victor F. Hess; Carl D. Anderson",2
1936,Chemistry,"Petrus (Pieter) Zeeman",1
1936,Physiology or Medicine,"Henry Hallett Dale; Otto Loewi",2
1936,Literature,"Eugene O'Neill",1
1936,Peace,"No award",0
1936,Economic Sciences,"No award",0
1935,Physics,"James Chadwick",1
1935,Chemistry,"Frédéric Joliot; Irène Joliot-Curie",2
1935,Physiology or Medicine,"Hans Spemann",1
1935,Literature,"No award",0
1935,Peace,"No award",0
1935,Economic Sciences,"No award",0
1934,Physics,"No award",0
1934,Chemistry,"No award",0
1934,Physiology or Medicine,"No award",0
1934,Literature,"No award",0
1934,Peace,"No award",0
1934,Economic Sciences,"No award",0
1933,Physics,"Erwin Schrödinger; Paul A.M. Dirac",2
1933,Chemistry,"No award",0
1933,Physiology or Medicine,"Thomas Hunt Morgan",1
1933,Literature,"No award",0
1933,Peace,"No award",0
1933,Economic Sciences,"No award",0
1932,Physics,"Werner Heisenberg",1
1932,Chemistry,"Irving Langmuir",1
1932,Physiology or Medicine,"Sir Charles Scott Sherrington; Edgar Douglas Adrian",2
1932,Literature,"John Galsworthy",1
1932,Peace,"No award",0
1932,Economic Sciences,"No award",0
1931,Physics,"No award",0
1931,Chemistry,"No award",0
1931,Physiology or Medicine,"No award",0
1931,Literature,"No award",0
1931,Peace,"No award",0
1931,Economic Sciences,"No award",0
1930,Physics,"C.V. Raman",1
1930,Chemistry,"Hans Fischer",1
1930,Physiology or Medicine,"Karl Landsteiner",1
1930,Literature,"Sinclair Lewis",1
1930,Peace,"No award",0
1930,Economic Sciences,"No award",0
1929,Physics,"Louis de Broglie",1
1929,Chemistry,"Arthur Harden; Hans Karl August Simon von Euler-Chelpin",2
1929,Physiology or Medicine,"Christiaan Eijkman; Sir Frederick Gowland Hopkins",2
1929,Literature,"Thomas Mann",1
1929,Peace,"Frank B. Kellogg",1
1929,Economic Sciences,"No award",0
1928,Physics,"Owen Willans Richardson",1
1928,Chemistry,"Adolf von Baeyer",1
1928,Physiology or Medicine,"Charles Édouard Guillaume",1
1928,Literature,"Sigrid Undset",1
1928,Peace,"No award",0
1928,Economic Sciences,"No award",0
1927,Physics,"Arthur H. Compton; C.T.R. Wilson",2
1927,Chemistry,"Heinrich Otto Wieland",1
1927,Physiology or Medicine,"Jules Bordet",1
1927,Literature,"Henrik Pontoppidan; Karl Adolph Gjellerup",2
1927,Peace,"Ferdinand Buisson; Ludwig Quidde",2
1927,Economic Sciences,"No award",0
1926,Physics,"Jean Baptiste Perrin",1
1926,Chemistry,"The Svedberg",1
1926,Physiology or Medicine,"Johannes Fibiger",1
1926,Literature,"Grazia Deledda",1
1926,Peace,"No award",0
1926,Economic Sciences,"No award",0
1925,Physics,"James Franck; Gustav Hertz",2
1925,Chemistry,"Richard Adolf Zsigmondy",1
1925,Physiology or Medicine,"Gustav von Bunge",1
1925,Literature,"Grazia Deledda (repeat)",1
1925,Peace,"No award",0
1925,Economic Sciences,"No award",0
1924,Physics,"Manne Siegbahn",1
1924,Chemistry,"No award",0
1924,Physiology or Medicine,"Willem Einthoven",1
1924,Literature,"Władysław Reymont",1
1924,Peace,"Fridtjof Nansen",1
1924,Economic Sciences,"No award",0
1923,Physics,"Robert A. Millikan",1
1923,Chemistry,"Fritz Pregl",1
1923,Physiology or Medicine,"Knut Hamsun",1
1923,Literature,"No award",0
1923,Peace,"William C. G. Burns",1
1923,Economic Sciences,"No award",0
1922,Physics,"Niels Bohr",1
1922,Chemistry,"Francis William Aston",1
1922,Physiology or Medicine,"No award",0
1922,Literature,"Jacinto Benavente",1
1922,Peace,"No award",0
1922,Economic Sciences,"No award",0
1921,Physics,"Albert Einstein",1
1921,Chemistry,"Fritz Haber",1
1921,Physiology or Medicine,"No award",0
1921,Literature,"Anatole France",1
1921,Peace,"Hjalmar Branting; Christian Lous Lange",2
1921,Economic Sciences,"No award",0
1920,Physics,"Charles Edouard Guillaume",1
1920,Chemistry,"Walther Nernst",1
1920,Physiology or Medicine,"No award",0
1920,Literature,"Knud Rasmussen",1
1920,Peace,"Léon Bourgeois",1
1920,Economic Sciences,"No award",0
1919,Physics,"Johannes Stark",1
1919,Chemistry,"No award",0
1919,Physiology or Medicine,"No award",0
1919,Literature,"Carl Spitteler",1
1919,Peace,"No award",0
1919,Economic Sciences,"No award",0
1918,Physics,"Max Planck",1
1918,Chemistry,"No award",0
1918,Physiology or Medicine,"No award",0
1918,Literature,"No award",0
1918,Peace,"No award",0
1918,Economic Sciences,"No award",0
1917,Physics,"Charles Glover Barkla",1
1917,Chemistry,"No award",0
1917,Physiology or Medicine,"No award",0
1917,Literature,"No award",0
1917,Peace,"No award",0
1917,Economic Sciences,"No award",0
1916,Physics,"No award",0
1916,Chemistry,"No award",0
1916,Physiology or Medicine,"No award",0
1916,Literature,"No award",0
1916,Peace,"No award",0
1916,Economic Sciences,"No award",0
1915,Physics,"William Bragg; Lawrence Bragg",2
1915,Chemistry,"No award",0
1915,Physiology or Medicine,"No award",0
1915,Literature,"No award",0
1915,Peace,"No award",0
1915,Economic Sciences,"No award",0
1914,Physics,"Max von Laue",1
1914,Chemistry,"Alfred Werner",1
1914,Physiology or Medicine,"No award",0
1914,Literature,"No award",0
1914,Peace,"No award",0
1914,Economic Sciences,"No award",0
1913,Physics,"Heike Kamerlingh Onnes",1
1913,Chemistry,"Alfred Werner (repeat)",1
1913,Physiology or Medicine,"Charles Richet",1
1913,Literature,"Rabindranath Tagore",1
1913,Peace,"No award",0
1913,Economic Sciences,"No award",0
1912,Physics,"Nils Gustaf Dalén",1
1912,Chemistry,"No award",0
1912,Physiology or Medicine,"No award",0
1912,Literature,"Gerhart Hauptmann",1
1912,Peace,"No award",0
1912,Economic Sciences,"No award",0
1911,Physics,"Wilhelm Wien",1
1911,Chemistry,"Marie Curie (Marie Skłodowska Curie)",1
1911,Physiology or Medicine,"Allvar Gullstrand",1
1911,Literature,"Maurice Maeterlinck",1
1911,Peace,"No award",0
1911,Economic Sciences,"No award",0
1910,Physics,"Johannes Diderik van der Waals",1
1910,Chemistry,"No award",0
1910,Physiology or Medicine,"Albrecht Kossel",1
1910,Literature,"Paul von Heyse",1
1910,Peace,"No award",0
1910,Economic Sciences,"No award",0
1909,Physics,"Guglielmo Marconi; Karl Ferdinand Braun",2
1909,Chemistry,"Wilhelm Ostwald",1
1909,Physiology or Medicine,"Élie Metchnikoff; Paul Ehrlich",2
1909,Literature,"Selma Lagerlöf",1
1909,Peace,"No award",0
1909,Economic Sciences,"No award",0
1908,Physics,"Gabriel Lippmann",1
1908,Chemistry,"No award",0
1908,Physiology or Medicine,"Ilya Mechnikov (repeat)",1
1908,Literature,"Rudyard Kipling",1
1908,Peace,"No award",0
1908,Economic Sciences,"No award",0
1907,Physics,"Albert A. Michelson",1
1907,Chemistry,"Eduard Buchner",1
1907,Physiology or Medicine,"Charles Louis Alphonse Laveran",1
1907,Literature,"Rudolf Christoph Eucken",1
1907,Peace,"No award",0
1907,Economic Sciences,"No award",0
1906,Physics,"J. J. Thomson",1
1906,Chemistry,"Henri Moissan",1
1906,Physiology or Medicine,"Camillo Golgi; Santiago Ramón y Cajal",2
1906,Literature,"Giosuè Carducci",1
1906,Peace,"No award",0
1906,Economic Sciences,"No award",0
1905,Physics,"Philipp Lenard",1
1905,Chemistry,"Adolf von Baeyer (repeat)",1
1905,Physiology or Medicine,"Robert Koch",1
1905,Literature,"Henryk Sienkiewicz",1
1905,Peace,"No award",0
1905,Economic Sciences,"No award",0
1904,Physics,"Lord Rayleigh (John William Strutt)",1
1904,Chemistry,"Ivan Petrovich Pavlov",1
1904,Physiology or Medicine,"Ivan Petrovich Pavlov (repeat)",1
1904,Literature,"Frédéric Mistral; José Echegaray",2
1904,Peace,"No award",0
1904,Economic Sciences,"No award",0
1903,Physics,"Antoine Henri Becquerel",1
1903,Chemistry,"Svante Arrhenius",1
1903,Physiology or Medicine,"Niels Ryberg Finsen",1
1903,Literature,"Bjørnstjerne Bjørnson",1
1903,Peace,"Rudolf Christoph Eucken (repeat)",1
1903,Economic Sciences,"No award",0
1902,Physics,"Hendrik Antoon Lorentz; Pieter Zeeman",2
1902,Chemistry,"Hermann Emil Fischer",1
1902,Physiology or Medicine,"Ronald Ross",1
1902,Literature,"Theodor Mommsen",1
1902,Peace,"Élie Ducommun; Charles Albert Gobat",2
1902,Economic Sciences,"No award",0
1901,Physics,"Wilhelm Conrad Röntgen",1
1901,Chemistry,"Jacobus Henricus van 't Hoff",1
1901,Physiology or Medicine,"Emil von Behring",1
1901,Literature,"Sully Prudhomme",1
1901,Peace,"Henry Dunant; Frédéric Passy",2